title,date,photo
Адажио,"Сегодня, 10:56",/uploads/posts/2024-04/1713945383-1404115171.jpg
Дети сентября,"Сегодня, 10:49",/uploads/posts/2024-04/9803653.jpg
Акулы в Париже,22-04-2024,/uploads/posts/2024-04/1713774436-326613403.jpg
Полные отморозки,19-04-2024,/uploads/posts/2024-04/1713525163-351901004.jpg
Детки-убийцы 2,19-04-2024,/uploads/posts/2024-04/1713524497-1156320386.jpg
Выжившая,19-04-2024,/uploads/posts/2024-04/1713524542-677305447.jpg
Война с террором,18-04-2024,/uploads/posts/2024-04/1713427341-1650712751.jpg
Отель «Динозавр» 2,18-04-2024,/uploads/posts/2024-04/2880507.jpg
Украденная долина,18-04-2024,/uploads/posts/2024-04/2655648.jpg
День независимости,16-04-2024,/uploads/posts/2024-04/1713251782-2122841002.jpg
Детектив Найт: Независимость,16-04-2024,/uploads/posts/2024-04/1713251303-1965980904.jpg
Загнанный зверь,14-04-2024,/uploads/posts/2024-04/1713126239-1291154508.jpg
Адажио,"Сегодня, 10:56",/uploads/posts/2024-04/1713945383-1404115171.jpg
Дети сентября,"Сегодня, 10:49",/uploads/posts/2024-04/9803653.jpg
Акулы в Париже,22-04-2024,/uploads/posts/2024-04/1713774436-326613403.jpg
Полные отморозки,19-04-2024,/uploads/posts/2024-04/1713525163-351901004.jpg
Детки-убийцы 2,19-04-2024,/uploads/posts/2024-04/1713524497-1156320386.jpg
Выжившая,19-04-2024,/uploads/posts/2024-04/1713524542-677305447.jpg
Война с террором,18-04-2024,/uploads/posts/2024-04/1713427341-1650712751.jpg
Отель «Динозавр» 2,18-04-2024,/uploads/posts/2024-04/2880507.jpg
Украденная долина,18-04-2024,/uploads/posts/2024-04/2655648.jpg
День независимости,16-04-2024,/uploads/posts/2024-04/1713251782-2122841002.jpg
Детектив Найт: Независимость,16-04-2024,/uploads/posts/2024-04/1713251303-1965980904.jpg
Загнанный зверь,14-04-2024,/uploads/posts/2024-04/1713126239-1291154508.jpg
Адажио,"Сегодня, 10:56",/uploads/posts/2024-04/1713945383-1404115171.jpg
Дети сентября,"Сегодня, 10:49",/uploads/posts/2024-04/9803653.jpg
Акулы в Париже,22-04-2024,/uploads/posts/2024-04/1713774436-326613403.jpg
Полные отморозки,19-04-2024,/uploads/posts/2024-04/1713525163-351901004.jpg
Детки-убийцы 2,19-04-2024,/uploads/posts/2024-04/1713524497-1156320386.jpg
Выжившая,19-04-2024,/uploads/posts/2024-04/1713524542-677305447.jpg
Война с террором,18-04-2024,/uploads/posts/2024-04/1713427341-1650712751.jpg
Отель «Динозавр» 2,18-04-2024,/uploads/posts/2024-04/2880507.jpg
Украденная долина,18-04-2024,/uploads/posts/2024-04/2655648.jpg
День независимости,16-04-2024,/uploads/posts/2024-04/1713251782-2122841002.jpg
Детектив Найт: Независимость,16-04-2024,/uploads/posts/2024-04/1713251303-1965980904.jpg
Загнанный зверь,14-04-2024,/uploads/posts/2024-04/1713126239-1291154508.jpg
Адажио,"Сегодня, 10:56",/uploads/posts/2024-04/1713945383-1404115171.jpg
Дети сентября,"Сегодня, 10:49",/uploads/posts/2024-04/9803653.jpg
Акулы в Париже,22-04-2024,/uploads/posts/2024-04/1713774436-326613403.jpg
Полные отморозки,19-04-2024,/uploads/posts/2024-04/1713525163-351901004.jpg
Детки-убийцы 2,19-04-2024,/uploads/posts/2024-04/1713524497-1156320386.jpg
Выжившая,19-04-2024,/uploads/posts/2024-04/1713524542-677305447.jpg
Война с террором,18-04-2024,/uploads/posts/2024-04/1713427341-1650712751.jpg
Отель «Динозавр» 2,18-04-2024,/uploads/posts/2024-04/2880507.jpg
Украденная долина,18-04-2024,/uploads/posts/2024-04/2655648.jpg
День независимости,16-04-2024,/uploads/posts/2024-04/1713251782-2122841002.jpg
Детектив Найт: Независимость,16-04-2024,/uploads/posts/2024-04/1713251303-1965980904.jpg
Загнанный зверь,14-04-2024,/uploads/posts/2024-04/1713126239-1291154508.jpg
Адажио,"Сегодня, 10:56",/uploads/posts/2024-04/1713945383-1404115171.jpg
Дети сентября,"Сегодня, 10:49",/uploads/posts/2024-04/9803653.jpg
Акулы в Париже,22-04-2024,/uploads/posts/2024-04/1713774436-326613403.jpg
Полные отморозки,19-04-2024,/uploads/posts/2024-04/1713525163-351901004.jpg
Детки-убийцы 2,19-04-2024,/uploads/posts/2024-04/1713524497-1156320386.jpg
Выжившая,19-04-2024,/uploads/posts/2024-04/1713524542-677305447.jpg
Война с террором,18-04-2024,/uploads/posts/2024-04/1713427341-1650712751.jpg
Отель «Динозавр» 2,18-04-2024,/uploads/posts/2024-04/2880507.jpg
Украденная долина,18-04-2024,/uploads/posts/2024-04/2655648.jpg
День независимости,16-04-2024,/uploads/posts/2024-04/1713251782-2122841002.jpg
Детектив Найт: Независимость,16-04-2024,/uploads/posts/2024-04/1713251303-1965980904.jpg
Загнанный зверь,14-04-2024,/uploads/posts/2024-04/1713126239-1291154508.jpg
Адажио,"Сегодня, 10:56",/uploads/posts/2024-04/1713945383-1404115171.jpg
Дети сентября,"Сегодня, 10:49",/uploads/posts/2024-04/9803653.jpg
Акулы в Париже,22-04-2024,/uploads/posts/2024-04/1713774436-326613403.jpg
Полные отморозки,19-04-2024,/uploads/posts/2024-04/1713525163-351901004.jpg
Детки-убийцы 2,19-04-2024,/uploads/posts/2024-04/1713524497-1156320386.jpg
Выжившая,19-04-2024,/uploads/posts/2024-04/1713524542-677305447.jpg
Война с террором,18-04-2024,/uploads/posts/2024-04/1713427341-1650712751.jpg
Отель «Динозавр» 2,18-04-2024,/uploads/posts/2024-04/2880507.jpg
Украденная долина,18-04-2024,/uploads/posts/2024-04/2655648.jpg
День независимости,16-04-2024,/uploads/posts/2024-04/1713251782-2122841002.jpg
Детектив Найт: Независимость,16-04-2024,/uploads/posts/2024-04/1713251303-1965980904.jpg
Загнанный зверь,14-04-2024,/uploads/posts/2024-04/1713126239-1291154508.jpg
Адажио,"Сегодня, 10:56",/uploads/posts/2024-04/1713945383-1404115171.jpg
Дети сентября,"Сегодня, 10:49",/uploads/posts/2024-04/9803653.jpg
Акулы в Париже,22-04-2024,/uploads/posts/2024-04/1713774436-326613403.jpg
Полные отморозки,19-04-2024,/uploads/posts/2024-04/1713525163-351901004.jpg
Детки-убийцы 2,19-04-2024,/uploads/posts/2024-04/1713524497-1156320386.jpg
Выжившая,19-04-2024,/uploads/posts/2024-04/1713524542-677305447.jpg
Война с террором,18-04-2024,/uploads/posts/2024-04/1713427341-1650712751.jpg
Отель «Динозавр» 2,18-04-2024,/uploads/posts/2024-04/2880507.jpg
Украденная долина,18-04-2024,/uploads/posts/2024-04/2655648.jpg
День независимости,16-04-2024,/uploads/posts/2024-04/1713251782-2122841002.jpg
Детектив Найт: Независимость,16-04-2024,/uploads/posts/2024-04/1713251303-1965980904.jpg
Загнанный зверь,14-04-2024,/uploads/posts/2024-04/1713126239-1291154508.jpg
Адажио,"Сегодня, 10:56",/uploads/posts/2024-04/1713945383-1404115171.jpg
Дети сентября,"Сегодня, 10:49",/uploads/posts/2024-04/9803653.jpg
Акулы в Париже,22-04-2024,/uploads/posts/2024-04/1713774436-326613403.jpg
Полные отморозки,19-04-2024,/uploads/posts/2024-04/1713525163-351901004.jpg
Детки-убийцы 2,19-04-2024,/uploads/posts/2024-04/1713524497-1156320386.jpg
Выжившая,19-04-2024,/uploads/posts/2024-04/1713524542-677305447.jpg
Война с террором,18-04-2024,/uploads/posts/2024-04/1713427341-1650712751.jpg
Отель «Динозавр» 2,18-04-2024,/uploads/posts/2024-04/2880507.jpg
Украденная долина,18-04-2024,/uploads/posts/2024-04/2655648.jpg
День независимости,16-04-2024,/uploads/posts/2024-04/1713251782-2122841002.jpg
Детектив Найт: Независимость,16-04-2024,/uploads/posts/2024-04/1713251303-1965980904.jpg
Загнанный зверь,14-04-2024,/uploads/posts/2024-04/1713126239-1291154508.jpg
Адажио,"Сегодня, 10:56",/uploads/posts/2024-04/1713945383-1404115171.jpg
Дети сентября,"Сегодня, 10:49",/uploads/posts/2024-04/9803653.jpg
Акулы в Париже,22-04-2024,/uploads/posts/2024-04/1713774436-326613403.jpg
Полные отморозки,19-04-2024,/uploads/posts/2024-04/1713525163-351901004.jpg
Детки-убийцы 2,19-04-2024,/uploads/posts/2024-04/1713524497-1156320386.jpg
Выжившая,19-04-2024,/uploads/posts/2024-04/1713524542-677305447.jpg
Война с террором,18-04-2024,/uploads/posts/2024-04/1713427341-1650712751.jpg
Отель «Динозавр» 2,18-04-2024,/uploads/posts/2024-04/2880507.jpg
Украденная долина,18-04-2024,/uploads/posts/2024-04/2655648.jpg
День независимости,16-04-2024,/uploads/posts/2024-04/1713251782-2122841002.jpg
Детектив Найт: Независимость,16-04-2024,/uploads/posts/2024-04/1713251303-1965980904.jpg
Загнанный зверь,14-04-2024,/uploads/posts/2024-04/1713126239-1291154508.jpg
Адажио,"Сегодня, 10:56",/uploads/posts/2024-04/1713945383-1404115171.jpg
Дети сентября,"Сегодня, 10:49",/uploads/posts/2024-04/9803653.jpg
Акулы в Париже,22-04-2024,/uploads/posts/2024-04/1713774436-326613403.jpg
Полные отморозки,19-04-2024,/uploads/posts/2024-04/1713525163-351901004.jpg
Детки-убийцы 2,19-04-2024,/uploads/posts/2024-04/1713524497-1156320386.jpg
Выжившая,19-04-2024,/uploads/posts/2024-04/1713524542-677305447.jpg
Война с террором,18-04-2024,/uploads/posts/2024-04/1713427341-1650712751.jpg
Отель «Динозавр» 2,18-04-2024,/uploads/posts/2024-04/2880507.jpg
Украденная долина,18-04-2024,/uploads/posts/2024-04/2655648.jpg
День независимости,16-04-2024,/uploads/posts/2024-04/1713251782-2122841002.jpg
Детектив Найт: Независимость,16-04-2024,/uploads/posts/2024-04/1713251303-1965980904.jpg
Загнанный зверь,14-04-2024,/uploads/posts/2024-04/1713126239-1291154508.jpg
Адажио,"Сегодня, 10:56",/uploads/posts/2024-04/1713945383-1404115171.jpg
Дети сентября,"Сегодня, 10:49",/uploads/posts/2024-04/9803653.jpg
Акулы в Париже,22-04-2024,/uploads/posts/2024-04/1713774436-326613403.jpg
Полные отморозки,19-04-2024,/uploads/posts/2024-04/1713525163-351901004.jpg
Детки-убийцы 2,19-04-2024,/uploads/posts/2024-04/1713524497-1156320386.jpg
Выжившая,19-04-2024,/uploads/posts/2024-04/1713524542-677305447.jpg
Война с террором,18-04-2024,/uploads/posts/2024-04/1713427341-1650712751.jpg
Отель «Динозавр» 2,18-04-2024,/uploads/posts/2024-04/2880507.jpg
Украденная долина,18-04-2024,/uploads/posts/2024-04/2655648.jpg
День независимости,16-04-2024,/uploads/posts/2024-04/1713251782-2122841002.jpg
Детектив Найт: Независимость,16-04-2024,/uploads/posts/2024-04/1713251303-1965980904.jpg
Загнанный зверь,14-04-2024,/uploads/posts/2024-04/1713126239-1291154508.jpg
Адажио,"Сегодня, 10:56",/uploads/posts/2024-04/1713945383-1404115171.jpg
Дети сентября,"Сегодня, 10:49",/uploads/posts/2024-04/9803653.jpg
Акулы в Париже,22-04-2024,/uploads/posts/2024-04/1713774436-326613403.jpg
Полные отморозки,19-04-2024,/uploads/posts/2024-04/1713525163-351901004.jpg
Детки-убийцы 2,19-04-2024,/uploads/posts/2024-04/1713524497-1156320386.jpg
Выжившая,19-04-2024,/uploads/posts/2024-04/1713524542-677305447.jpg
Война с террором,18-04-2024,/uploads/posts/2024-04/1713427341-1650712751.jpg
Отель «Динозавр» 2,18-04-2024,/uploads/posts/2024-04/2880507.jpg
Украденная долина,18-04-2024,/uploads/posts/2024-04/2655648.jpg
День независимости,16-04-2024,/uploads/posts/2024-04/1713251782-2122841002.jpg
Детектив Найт: Независимость,16-04-2024,/uploads/posts/2024-04/1713251303-1965980904.jpg
Загнанный зверь,14-04-2024,/uploads/posts/2024-04/1713126239-1291154508.jpg
Адажио,"Сегодня, 10:56",/uploads/posts/2024-04/1713945383-1404115171.jpg
Дети сентября,"Сегодня, 10:49",/uploads/posts/2024-04/9803653.jpg
Акулы в Париже,22-04-2024,/uploads/posts/2024-04/1713774436-326613403.jpg
Полные отморозки,19-04-2024,/uploads/posts/2024-04/1713525163-351901004.jpg
Детки-убийцы 2,19-04-2024,/uploads/posts/2024-04/1713524497-1156320386.jpg
Выжившая,19-04-2024,/uploads/posts/2024-04/1713524542-677305447.jpg
Война с террором,18-04-2024,/uploads/posts/2024-04/1713427341-1650712751.jpg
Отель «Динозавр» 2,18-04-2024,/uploads/posts/2024-04/2880507.jpg
Украденная долина,18-04-2024,/uploads/posts/2024-04/2655648.jpg
День независимости,16-04-2024,/uploads/posts/2024-04/1713251782-2122841002.jpg
Детектив Найт: Независимость,16-04-2024,/uploads/posts/2024-04/1713251303-1965980904.jpg
Загнанный зверь,14-04-2024,/uploads/posts/2024-04/1713126239-1291154508.jpg
Адажио,"Сегодня, 10:56",/uploads/posts/2024-04/1713945383-1404115171.jpg
Дети сентября,"Сегодня, 10:49",/uploads/posts/2024-04/9803653.jpg
Акулы в Париже,22-04-2024,/uploads/posts/2024-04/1713774436-326613403.jpg
Полные отморозки,19-04-2024,/uploads/posts/2024-04/1713525163-351901004.jpg
Детки-убийцы 2,19-04-2024,/uploads/posts/2024-04/1713524497-1156320386.jpg
Выжившая,19-04-2024,/uploads/posts/2024-04/1713524542-677305447.jpg
Война с террором,18-04-2024,/uploads/posts/2024-04/1713427341-1650712751.jpg
Отель «Динозавр» 2,18-04-2024,/uploads/posts/2024-04/2880507.jpg
Украденная долина,18-04-2024,/uploads/posts/2024-04/2655648.jpg
День независимости,16-04-2024,/uploads/posts/2024-04/1713251782-2122841002.jpg
Детектив Найт: Независимость,16-04-2024,/uploads/posts/2024-04/1713251303-1965980904.jpg
Загнанный зверь,14-04-2024,/uploads/posts/2024-04/1713126239-1291154508.jpg
Адажио,"Сегодня, 10:56",/uploads/posts/2024-04/1713945383-1404115171.jpg
Дети сентября,"Сегодня, 10:49",/uploads/posts/2024-04/9803653.jpg
Акулы в Париже,22-04-2024,/uploads/posts/2024-04/1713774436-326613403.jpg
Полные отморозки,19-04-2024,/uploads/posts/2024-04/1713525163-351901004.jpg
Детки-убийцы 2,19-04-2024,/uploads/posts/2024-04/1713524497-1156320386.jpg
Выжившая,19-04-2024,/uploads/posts/2024-04/1713524542-677305447.jpg
Война с террором,18-04-2024,/uploads/posts/2024-04/1713427341-1650712751.jpg
Отель «Динозавр» 2,18-04-2024,/uploads/posts/2024-04/2880507.jpg
Украденная долина,18-04-2024,/uploads/posts/2024-04/2655648.jpg
День независимости,16-04-2024,/uploads/posts/2024-04/1713251782-2122841002.jpg
Детектив Найт: Независимость,16-04-2024,/uploads/posts/2024-04/1713251303-1965980904.jpg
Загнанный зверь,14-04-2024,/uploads/posts/2024-04/1713126239-1291154508.jpg
Адажио,"Сегодня, 10:56",/uploads/posts/2024-04/1713945383-1404115171.jpg
Дети сентября,"Сегодня, 10:49",/uploads/posts/2024-04/9803653.jpg
Акулы в Париже,22-04-2024,/uploads/posts/2024-04/1713774436-326613403.jpg
Полные отморозки,19-04-2024,/uploads/posts/2024-04/1713525163-351901004.jpg
Детки-убийцы 2,19-04-2024,/uploads/posts/2024-04/1713524497-1156320386.jpg
Выжившая,19-04-2024,/uploads/posts/2024-04/1713524542-677305447.jpg
Война с террором,18-04-2024,/uploads/posts/2024-04/1713427341-1650712751.jpg
Отель «Динозавр» 2,18-04-2024,/uploads/posts/2024-04/2880507.jpg
Украденная долина,18-04-2024,/uploads/posts/2024-04/2655648.jpg
День независимости,16-04-2024,/uploads/posts/2024-04/1713251782-2122841002.jpg
Детектив Найт: Независимость,16-04-2024,/uploads/posts/2024-04/1713251303-1965980904.jpg
Загнанный зверь,14-04-2024,/uploads/posts/2024-04/1713126239-1291154508.jpg
Адажио,"Сегодня, 10:56",/uploads/posts/2024-04/1713945383-1404115171.jpg
Дети сентября,"Сегодня, 10:49",/uploads/posts/2024-04/9803653.jpg
Акулы в Париже,22-04-2024,/uploads/posts/2024-04/1713774436-326613403.jpg
Полные отморозки,19-04-2024,/uploads/posts/2024-04/1713525163-351901004.jpg
Детки-убийцы 2,19-04-2024,/uploads/posts/2024-04/1713524497-1156320386.jpg
Выжившая,19-04-2024,/uploads/posts/2024-04/1713524542-677305447.jpg
Война с террором,18-04-2024,/uploads/posts/2024-04/1713427341-1650712751.jpg
Отель «Динозавр» 2,18-04-2024,/uploads/posts/2024-04/2880507.jpg
Украденная долина,18-04-2024,/uploads/posts/2024-04/2655648.jpg
День независимости,16-04-2024,/uploads/posts/2024-04/1713251782-2122841002.jpg
Детектив Найт: Независимость,16-04-2024,/uploads/posts/2024-04/1713251303-1965980904.jpg
Загнанный зверь,14-04-2024,/uploads/posts/2024-04/1713126239-1291154508.jpg
Адажио,"Сегодня, 10:56",/uploads/posts/2024-04/1713945383-1404115171.jpg
Дети сентября,"Сегодня, 10:49",/uploads/posts/2024-04/9803653.jpg
Акулы в Париже,22-04-2024,/uploads/posts/2024-04/1713774436-326613403.jpg
Полные отморозки,19-04-2024,/uploads/posts/2024-04/1713525163-351901004.jpg
Детки-убийцы 2,19-04-2024,/uploads/posts/2024-04/1713524497-1156320386.jpg
Выжившая,19-04-2024,/uploads/posts/2024-04/1713524542-677305447.jpg
Война с террором,18-04-2024,/uploads/posts/2024-04/1713427341-1650712751.jpg
Отель «Динозавр» 2,18-04-2024,/uploads/posts/2024-04/2880507.jpg
Украденная долина,18-04-2024,/uploads/posts/2024-04/2655648.jpg
День независимости,16-04-2024,/uploads/posts/2024-04/1713251782-2122841002.jpg
Детектив Найт: Независимость,16-04-2024,/uploads/posts/2024-04/1713251303-1965980904.jpg
Загнанный зверь,14-04-2024,/uploads/posts/2024-04/1713126239-1291154508.jpg
Адажио,"Сегодня, 10:56",/uploads/posts/2024-04/1713945383-1404115171.jpg
Дети сентября,"Сегодня, 10:49",/uploads/posts/2024-04/9803653.jpg
Акулы в Париже,22-04-2024,/uploads/posts/2024-04/1713774436-326613403.jpg
Полные отморозки,19-04-2024,/uploads/posts/2024-04/1713525163-351901004.jpg
Детки-убийцы 2,19-04-2024,/uploads/posts/2024-04/1713524497-1156320386.jpg
Выжившая,19-04-2024,/uploads/posts/2024-04/1713524542-677305447.jpg
Война с террором,18-04-2024,/uploads/posts/2024-04/1713427341-1650712751.jpg
Отель «Динозавр» 2,18-04-2024,/uploads/posts/2024-04/2880507.jpg
Украденная долина,18-04-2024,/uploads/posts/2024-04/2655648.jpg
День независимости,16-04-2024,/uploads/posts/2024-04/1713251782-2122841002.jpg
Детектив Найт: Независимость,16-04-2024,/uploads/posts/2024-04/1713251303-1965980904.jpg
Загнанный зверь,14-04-2024,/uploads/posts/2024-04/1713126239-1291154508.jpg
Адажио,"Сегодня, 10:56",/uploads/posts/2024-04/1713945383-1404115171.jpg
Дети сентября,"Сегодня, 10:49",/uploads/posts/2024-04/9803653.jpg
Акулы в Париже,22-04-2024,/uploads/posts/2024-04/1713774436-326613403.jpg
Полные отморозки,19-04-2024,/uploads/posts/2024-04/1713525163-351901004.jpg
Детки-убийцы 2,19-04-2024,/uploads/posts/2024-04/1713524497-1156320386.jpg
Выжившая,19-04-2024,/uploads/posts/2024-04/1713524542-677305447.jpg
Война с террором,18-04-2024,/uploads/posts/2024-04/1713427341-1650712751.jpg
Отель «Динозавр» 2,18-04-2024,/uploads/posts/2024-04/2880507.jpg
Украденная долина,18-04-2024,/uploads/posts/2024-04/2655648.jpg
День независимости,16-04-2024,/uploads/posts/2024-04/1713251782-2122841002.jpg
Детектив Найт: Независимость,16-04-2024,/uploads/posts/2024-04/1713251303-1965980904.jpg
Загнанный зверь,14-04-2024,/uploads/posts/2024-04/1713126239-1291154508.jpg
Адажио,"Сегодня, 10:56",/uploads/posts/2024-04/1713945383-1404115171.jpg
Дети сентября,"Сегодня, 10:49",/uploads/posts/2024-04/9803653.jpg
Акулы в Париже,22-04-2024,/uploads/posts/2024-04/1713774436-326613403.jpg
Полные отморозки,19-04-2024,/uploads/posts/2024-04/1713525163-351901004.jpg
Детки-убийцы 2,19-04-2024,/uploads/posts/2024-04/1713524497-1156320386.jpg
Выжившая,19-04-2024,/uploads/posts/2024-04/1713524542-677305447.jpg
Война с террором,18-04-2024,/uploads/posts/2024-04/1713427341-1650712751.jpg
Отель «Динозавр» 2,18-04-2024,/uploads/posts/2024-04/2880507.jpg
Украденная долина,18-04-2024,/uploads/posts/2024-04/2655648.jpg
День независимости,16-04-2024,/uploads/posts/2024-04/1713251782-2122841002.jpg
Детектив Найт: Независимость,16-04-2024,/uploads/posts/2024-04/1713251303-1965980904.jpg
Загнанный зверь,14-04-2024,/uploads/posts/2024-04/1713126239-1291154508.jpg
Адажио,"Сегодня, 10:56",/uploads/posts/2024-04/1713945383-1404115171.jpg
Дети сентября,"Сегодня, 10:49",/uploads/posts/2024-04/9803653.jpg
Акулы в Париже,22-04-2024,/uploads/posts/2024-04/1713774436-326613403.jpg
Полные отморозки,19-04-2024,/uploads/posts/2024-04/1713525163-351901004.jpg
Детки-убийцы 2,19-04-2024,/uploads/posts/2024-04/1713524497-1156320386.jpg
Выжившая,19-04-2024,/uploads/posts/2024-04/1713524542-677305447.jpg
Война с террором,18-04-2024,/uploads/posts/2024-04/1713427341-1650712751.jpg
Отель «Динозавр» 2,18-04-2024,/uploads/posts/2024-04/2880507.jpg
Украденная долина,18-04-2024,/uploads/posts/2024-04/2655648.jpg
День независимости,16-04-2024,/uploads/posts/2024-04/1713251782-2122841002.jpg
Детектив Найт: Независимость,16-04-2024,/uploads/posts/2024-04/1713251303-1965980904.jpg
Загнанный зверь,14-04-2024,/uploads/posts/2024-04/1713126239-1291154508.jpg
Адажио,"Сегодня, 10:56",/uploads/posts/2024-04/1713945383-1404115171.jpg
Дети сентября,"Сегодня, 10:49",/uploads/posts/2024-04/9803653.jpg
Акулы в Париже,22-04-2024,/uploads/posts/2024-04/1713774436-326613403.jpg
Полные отморозки,19-04-2024,/uploads/posts/2024-04/1713525163-351901004.jpg
Детки-убийцы 2,19-04-2024,/uploads/posts/2024-04/1713524497-1156320386.jpg
Выжившая,19-04-2024,/uploads/posts/2024-04/1713524542-677305447.jpg
Война с террором,18-04-2024,/uploads/posts/2024-04/1713427341-1650712751.jpg
Отель «Динозавр» 2,18-04-2024,/uploads/posts/2024-04/2880507.jpg
Украденная долина,18-04-2024,/uploads/posts/2024-04/2655648.jpg
День независимости,16-04-2024,/uploads/posts/2024-04/1713251782-2122841002.jpg
Детектив Найт: Независимость,16-04-2024,/uploads/posts/2024-04/1713251303-1965980904.jpg
Загнанный зверь,14-04-2024,/uploads/posts/2024-04/1713126239-1291154508.jpg
Адажио,"Сегодня, 10:56",/uploads/posts/2024-04/1713945383-1404115171.jpg
Дети сентября,"Сегодня, 10:49",/uploads/posts/2024-04/9803653.jpg
Акулы в Париже,22-04-2024,/uploads/posts/2024-04/1713774436-326613403.jpg
Полные отморозки,19-04-2024,/uploads/posts/2024-04/1713525163-351901004.jpg
Детки-убийцы 2,19-04-2024,/uploads/posts/2024-04/1713524497-1156320386.jpg
Выжившая,19-04-2024,/uploads/posts/2024-04/1713524542-677305447.jpg
Война с террором,18-04-2024,/uploads/posts/2024-04/1713427341-1650712751.jpg
Отель «Динозавр» 2,18-04-2024,/uploads/posts/2024-04/2880507.jpg
Украденная долина,18-04-2024,/uploads/posts/2024-04/2655648.jpg
День независимости,16-04-2024,/uploads/posts/2024-04/1713251782-2122841002.jpg
Детектив Найт: Независимость,16-04-2024,/uploads/posts/2024-04/1713251303-1965980904.jpg
Загнанный зверь,14-04-2024,/uploads/posts/2024-04/1713126239-1291154508.jpg
Адажио,"Сегодня, 10:56",/uploads/posts/2024-04/1713945383-1404115171.jpg
Дети сентября,"Сегодня, 10:49",/uploads/posts/2024-04/9803653.jpg
Акулы в Париже,22-04-2024,/uploads/posts/2024-04/1713774436-326613403.jpg
Полные отморозки,19-04-2024,/uploads/posts/2024-04/1713525163-351901004.jpg
Детки-убийцы 2,19-04-2024,/uploads/posts/2024-04/1713524497-1156320386.jpg
Выжившая,19-04-2024,/uploads/posts/2024-04/1713524542-677305447.jpg
Война с террором,18-04-2024,/uploads/posts/2024-04/1713427341-1650712751.jpg
Отель «Динозавр» 2,18-04-2024,/uploads/posts/2024-04/2880507.jpg
Украденная долина,18-04-2024,/uploads/posts/2024-04/2655648.jpg
День независимости,16-04-2024,/uploads/posts/2024-04/1713251782-2122841002.jpg
Детектив Найт: Независимость,16-04-2024,/uploads/posts/2024-04/1713251303-1965980904.jpg
Загнанный зверь,14-04-2024,/uploads/posts/2024-04/1713126239-1291154508.jpg
Адажио,"Сегодня, 10:56",/uploads/posts/2024-04/1713945383-1404115171.jpg
Дети сентября,"Сегодня, 10:49",/uploads/posts/2024-04/9803653.jpg
Акулы в Париже,22-04-2024,/uploads/posts/2024-04/1713774436-326613403.jpg
Полные отморозки,19-04-2024,/uploads/posts/2024-04/1713525163-351901004.jpg
Детки-убийцы 2,19-04-2024,/uploads/posts/2024-04/1713524497-1156320386.jpg
Выжившая,19-04-2024,/uploads/posts/2024-04/1713524542-677305447.jpg
Война с террором,18-04-2024,/uploads/posts/2024-04/1713427341-1650712751.jpg
Отель «Динозавр» 2,18-04-2024,/uploads/posts/2024-04/2880507.jpg
Украденная долина,18-04-2024,/uploads/posts/2024-04/2655648.jpg
День независимости,16-04-2024,/uploads/posts/2024-04/1713251782-2122841002.jpg
Детектив Найт: Независимость,16-04-2024,/uploads/posts/2024-04/1713251303-1965980904.jpg
Загнанный зверь,14-04-2024,/uploads/posts/2024-04/1713126239-1291154508.jpg
Адажио,"Сегодня, 10:56",/uploads/posts/2024-04/1713945383-1404115171.jpg
Дети сентября,"Сегодня, 10:49",/uploads/posts/2024-04/9803653.jpg
Акулы в Париже,22-04-2024,/uploads/posts/2024-04/1713774436-326613403.jpg
Полные отморозки,19-04-2024,/uploads/posts/2024-04/1713525163-351901004.jpg
Детки-убийцы 2,19-04-2024,/uploads/posts/2024-04/1713524497-1156320386.jpg
Выжившая,19-04-2024,/uploads/posts/2024-04/1713524542-677305447.jpg
Война с террором,18-04-2024,/uploads/posts/2024-04/1713427341-1650712751.jpg
Отель «Динозавр» 2,18-04-2024,/uploads/posts/2024-04/2880507.jpg
Украденная долина,18-04-2024,/uploads/posts/2024-04/2655648.jpg
День независимости,16-04-2024,/uploads/posts/2024-04/1713251782-2122841002.jpg
Детектив Найт: Независимость,16-04-2024,/uploads/posts/2024-04/1713251303-1965980904.jpg
Загнанный зверь,14-04-2024,/uploads/posts/2024-04/1713126239-1291154508.jpg
Адажио,"Сегодня, 10:56",/uploads/posts/2024-04/1713945383-1404115171.jpg
Дети сентября,"Сегодня, 10:49",/uploads/posts/2024-04/9803653.jpg
Акулы в Париже,22-04-2024,/uploads/posts/2024-04/1713774436-326613403.jpg
Полные отморозки,19-04-2024,/uploads/posts/2024-04/1713525163-351901004.jpg
Детки-убийцы 2,19-04-2024,/uploads/posts/2024-04/1713524497-1156320386.jpg
Выжившая,19-04-2024,/uploads/posts/2024-04/1713524542-677305447.jpg
Война с террором,18-04-2024,/uploads/posts/2024-04/1713427341-1650712751.jpg
Отель «Динозавр» 2,18-04-2024,/uploads/posts/2024-04/2880507.jpg
Украденная долина,18-04-2024,/uploads/posts/2024-04/2655648.jpg
День независимости,16-04-2024,/uploads/posts/2024-04/1713251782-2122841002.jpg
Детектив Найт: Независимость,16-04-2024,/uploads/posts/2024-04/1713251303-1965980904.jpg
Загнанный зверь,14-04-2024,/uploads/posts/2024-04/1713126239-1291154508.jpg
Адажио,"Сегодня, 10:56",/uploads/posts/2024-04/1713945383-1404115171.jpg
Дети сентября,"Сегодня, 10:49",/uploads/posts/2024-04/9803653.jpg
Акулы в Париже,22-04-2024,/uploads/posts/2024-04/1713774436-326613403.jpg
Полные отморозки,19-04-2024,/uploads/posts/2024-04/1713525163-351901004.jpg
Детки-убийцы 2,19-04-2024,/uploads/posts/2024-04/1713524497-1156320386.jpg
Выжившая,19-04-2024,/uploads/posts/2024-04/1713524542-677305447.jpg
Война с террором,18-04-2024,/uploads/posts/2024-04/1713427341-1650712751.jpg
Отель «Динозавр» 2,18-04-2024,/uploads/posts/2024-04/2880507.jpg
Украденная долина,18-04-2024,/uploads/posts/2024-04/2655648.jpg
День независимости,16-04-2024,/uploads/posts/2024-04/1713251782-2122841002.jpg
Детектив Найт: Независимость,16-04-2024,/uploads/posts/2024-04/1713251303-1965980904.jpg
Загнанный зверь,14-04-2024,/uploads/posts/2024-04/1713126239-1291154508.jpg
Адажио,"Сегодня, 10:56",/uploads/posts/2024-04/1713945383-1404115171.jpg
Дети сентября,"Сегодня, 10:49",/uploads/posts/2024-04/9803653.jpg
Акулы в Париже,22-04-2024,/uploads/posts/2024-04/1713774436-326613403.jpg
Полные отморозки,19-04-2024,/uploads/posts/2024-04/1713525163-351901004.jpg
Детки-убийцы 2,19-04-2024,/uploads/posts/2024-04/1713524497-1156320386.jpg
Выжившая,19-04-2024,/uploads/posts/2024-04/1713524542-677305447.jpg
Война с террором,18-04-2024,/uploads/posts/2024-04/1713427341-1650712751.jpg
Отель «Динозавр» 2,18-04-2024,/uploads/posts/2024-04/2880507.jpg
Украденная долина,18-04-2024,/uploads/posts/2024-04/2655648.jpg
День независимости,16-04-2024,/uploads/posts/2024-04/1713251782-2122841002.jpg
Детектив Найт: Независимость,16-04-2024,/uploads/posts/2024-04/1713251303-1965980904.jpg
Загнанный зверь,14-04-2024,/uploads/posts/2024-04/1713126239-1291154508.jpg
Адажио,"Сегодня, 10:56",/uploads/posts/2024-04/1713945383-1404115171.jpg
Дети сентября,"Сегодня, 10:49",/uploads/posts/2024-04/9803653.jpg
Акулы в Париже,22-04-2024,/uploads/posts/2024-04/1713774436-326613403.jpg
Полные отморозки,19-04-2024,/uploads/posts/2024-04/1713525163-351901004.jpg
Детки-убийцы 2,19-04-2024,/uploads/posts/2024-04/1713524497-1156320386.jpg
Выжившая,19-04-2024,/uploads/posts/2024-04/1713524542-677305447.jpg
Война с террором,18-04-2024,/uploads/posts/2024-04/1713427341-1650712751.jpg
Отель «Динозавр» 2,18-04-2024,/uploads/posts/2024-04/2880507.jpg
Украденная долина,18-04-2024,/uploads/posts/2024-04/2655648.jpg
День независимости,16-04-2024,/uploads/posts/2024-04/1713251782-2122841002.jpg
Детектив Найт: Независимость,16-04-2024,/uploads/posts/2024-04/1713251303-1965980904.jpg
Загнанный зверь,14-04-2024,/uploads/posts/2024-04/1713126239-1291154508.jpg
Адажио,"Сегодня, 10:56",/uploads/posts/2024-04/1713945383-1404115171.jpg
Дети сентября,"Сегодня, 10:49",/uploads/posts/2024-04/9803653.jpg
Акулы в Париже,22-04-2024,/uploads/posts/2024-04/1713774436-326613403.jpg
Полные отморозки,19-04-2024,/uploads/posts/2024-04/1713525163-351901004.jpg
Детки-убийцы 2,19-04-2024,/uploads/posts/2024-04/1713524497-1156320386.jpg
Выжившая,19-04-2024,/uploads/posts/2024-04/1713524542-677305447.jpg
Война с террором,18-04-2024,/uploads/posts/2024-04/1713427341-1650712751.jpg
Отель «Динозавр» 2,18-04-2024,/uploads/posts/2024-04/2880507.jpg
Украденная долина,18-04-2024,/uploads/posts/2024-04/2655648.jpg
День независимости,16-04-2024,/uploads/posts/2024-04/1713251782-2122841002.jpg
Детектив Найт: Независимость,16-04-2024,/uploads/posts/2024-04/1713251303-1965980904.jpg
Загнанный зверь,14-04-2024,/uploads/posts/2024-04/1713126239-1291154508.jpg
Адажио,"Сегодня, 10:56",/uploads/posts/2024-04/1713945383-1404115171.jpg
Дети сентября,"Сегодня, 10:49",/uploads/posts/2024-04/9803653.jpg
Акулы в Париже,22-04-2024,/uploads/posts/2024-04/1713774436-326613403.jpg
Полные отморозки,19-04-2024,/uploads/posts/2024-04/1713525163-351901004.jpg
Детки-убийцы 2,19-04-2024,/uploads/posts/2024-04/1713524497-1156320386.jpg
Выжившая,19-04-2024,/uploads/posts/2024-04/1713524542-677305447.jpg
Война с террором,18-04-2024,/uploads/posts/2024-04/1713427341-1650712751.jpg
Отель «Динозавр» 2,18-04-2024,/uploads/posts/2024-04/2880507.jpg
Украденная долина,18-04-2024,/uploads/posts/2024-04/2655648.jpg
День независимости,16-04-2024,/uploads/posts/2024-04/1713251782-2122841002.jpg
Детектив Найт: Независимость,16-04-2024,/uploads/posts/2024-04/1713251303-1965980904.jpg
Загнанный зверь,14-04-2024,/uploads/posts/2024-04/1713126239-1291154508.jpg
Адажио,"Сегодня, 10:56",/uploads/posts/2024-04/1713945383-1404115171.jpg
Дети сентября,"Сегодня, 10:49",/uploads/posts/2024-04/9803653.jpg
Акулы в Париже,22-04-2024,/uploads/posts/2024-04/1713774436-326613403.jpg
Полные отморозки,19-04-2024,/uploads/posts/2024-04/1713525163-351901004.jpg
Детки-убийцы 2,19-04-2024,/uploads/posts/2024-04/1713524497-1156320386.jpg
Выжившая,19-04-2024,/uploads/posts/2024-04/1713524542-677305447.jpg
Война с террором,18-04-2024,/uploads/posts/2024-04/1713427341-1650712751.jpg
Отель «Динозавр» 2,18-04-2024,/uploads/posts/2024-04/2880507.jpg
Украденная долина,18-04-2024,/uploads/posts/2024-04/2655648.jpg
День независимости,16-04-2024,/uploads/posts/2024-04/1713251782-2122841002.jpg
Детектив Найт: Независимость,16-04-2024,/uploads/posts/2024-04/1713251303-1965980904.jpg
Загнанный зверь,14-04-2024,/uploads/posts/2024-04/1713126239-1291154508.jpg
Адажио,"Сегодня, 10:56",/uploads/posts/2024-04/1713945383-1404115171.jpg
Дети сентября,"Сегодня, 10:49",/uploads/posts/2024-04/9803653.jpg
Акулы в Париже,22-04-2024,/uploads/posts/2024-04/1713774436-326613403.jpg
Полные отморозки,19-04-2024,/uploads/posts/2024-04/1713525163-351901004.jpg
Детки-убийцы 2,19-04-2024,/uploads/posts/2024-04/1713524497-1156320386.jpg
Выжившая,19-04-2024,/uploads/posts/2024-04/1713524542-677305447.jpg
Война с террором,18-04-2024,/uploads/posts/2024-04/1713427341-1650712751.jpg
Отель «Динозавр» 2,18-04-2024,/uploads/posts/2024-04/2880507.jpg
Украденная долина,18-04-2024,/uploads/posts/2024-04/2655648.jpg
День независимости,16-04-2024,/uploads/posts/2024-04/1713251782-2122841002.jpg
Детектив Найт: Независимость,16-04-2024,/uploads/posts/2024-04/1713251303-1965980904.jpg
Загнанный зверь,14-04-2024,/uploads/posts/2024-04/1713126239-1291154508.jpg
Адажио,"Сегодня, 10:56",/uploads/posts/2024-04/1713945383-1404115171.jpg
Дети сентября,"Сегодня, 10:49",/uploads/posts/2024-04/9803653.jpg
Акулы в Париже,22-04-2024,/uploads/posts/2024-04/1713774436-326613403.jpg
Полные отморозки,19-04-2024,/uploads/posts/2024-04/1713525163-351901004.jpg
Детки-убийцы 2,19-04-2024,/uploads/posts/2024-04/1713524497-1156320386.jpg
Выжившая,19-04-2024,/uploads/posts/2024-04/1713524542-677305447.jpg
Война с террором,18-04-2024,/uploads/posts/2024-04/1713427341-1650712751.jpg
Отель «Динозавр» 2,18-04-2024,/uploads/posts/2024-04/2880507.jpg
Украденная долина,18-04-2024,/uploads/posts/2024-04/2655648.jpg
День независимости,16-04-2024,/uploads/posts/2024-04/1713251782-2122841002.jpg
Детектив Найт: Независимость,16-04-2024,/uploads/posts/2024-04/1713251303-1965980904.jpg
Загнанный зверь,14-04-2024,/uploads/posts/2024-04/1713126239-1291154508.jpg
Адажио,"Сегодня, 10:56",/uploads/posts/2024-04/1713945383-1404115171.jpg
Дети сентября,"Сегодня, 10:49",/uploads/posts/2024-04/9803653.jpg
Акулы в Париже,22-04-2024,/uploads/posts/2024-04/1713774436-326613403.jpg
Полные отморозки,19-04-2024,/uploads/posts/2024-04/1713525163-351901004.jpg
Детки-убийцы 2,19-04-2024,/uploads/posts/2024-04/1713524497-1156320386.jpg
Выжившая,19-04-2024,/uploads/posts/2024-04/1713524542-677305447.jpg
Война с террором,18-04-2024,/uploads/posts/2024-04/1713427341-1650712751.jpg
Отель «Динозавр» 2,18-04-2024,/uploads/posts/2024-04/2880507.jpg
Украденная долина,18-04-2024,/uploads/posts/2024-04/2655648.jpg
День независимости,16-04-2024,/uploads/posts/2024-04/1713251782-2122841002.jpg
Детектив Найт: Независимость,16-04-2024,/uploads/posts/2024-04/1713251303-1965980904.jpg
Загнанный зверь,14-04-2024,/uploads/posts/2024-04/1713126239-1291154508.jpg
Адажио,"Сегодня, 10:56",/uploads/posts/2024-04/1713945383-1404115171.jpg
Дети сентября,"Сегодня, 10:49",/uploads/posts/2024-04/9803653.jpg
Акулы в Париже,22-04-2024,/uploads/posts/2024-04/1713774436-326613403.jpg
Полные отморозки,19-04-2024,/uploads/posts/2024-04/1713525163-351901004.jpg
Детки-убийцы 2,19-04-2024,/uploads/posts/2024-04/1713524497-1156320386.jpg
Выжившая,19-04-2024,/uploads/posts/2024-04/1713524542-677305447.jpg
Война с террором,18-04-2024,/uploads/posts/2024-04/1713427341-1650712751.jpg
Отель «Динозавр» 2,18-04-2024,/uploads/posts/2024-04/2880507.jpg
Украденная долина,18-04-2024,/uploads/posts/2024-04/2655648.jpg
День независимости,16-04-2024,/uploads/posts/2024-04/1713251782-2122841002.jpg
Детектив Найт: Независимость,16-04-2024,/uploads/posts/2024-04/1713251303-1965980904.jpg
Загнанный зверь,14-04-2024,/uploads/posts/2024-04/1713126239-1291154508.jpg
Адажио,"Сегодня, 10:56",/uploads/posts/2024-04/1713945383-1404115171.jpg
Дети сентября,"Сегодня, 10:49",/uploads/posts/2024-04/9803653.jpg
Акулы в Париже,22-04-2024,/uploads/posts/2024-04/1713774436-326613403.jpg
Полные отморозки,19-04-2024,/uploads/posts/2024-04/1713525163-351901004.jpg
Детки-убийцы 2,19-04-2024,/uploads/posts/2024-04/1713524497-1156320386.jpg
Выжившая,19-04-2024,/uploads/posts/2024-04/1713524542-677305447.jpg
Война с террором,18-04-2024,/uploads/posts/2024-04/1713427341-1650712751.jpg
Отель «Динозавр» 2,18-04-2024,/uploads/posts/2024-04/2880507.jpg
Украденная долина,18-04-2024,/uploads/posts/2024-04/2655648.jpg
День независимости,16-04-2024,/uploads/posts/2024-04/1713251782-2122841002.jpg
Детектив Найт: Независимость,16-04-2024,/uploads/posts/2024-04/1713251303-1965980904.jpg
Загнанный зверь,14-04-2024,/uploads/posts/2024-04/1713126239-1291154508.jpg
Адажио,"Сегодня, 10:56",/uploads/posts/2024-04/1713945383-1404115171.jpg
Дети сентября,"Сегодня, 10:49",/uploads/posts/2024-04/9803653.jpg
Акулы в Париже,22-04-2024,/uploads/posts/2024-04/1713774436-326613403.jpg
Полные отморозки,19-04-2024,/uploads/posts/2024-04/1713525163-351901004.jpg
Детки-убийцы 2,19-04-2024,/uploads/posts/2024-04/1713524497-1156320386.jpg
Выжившая,19-04-2024,/uploads/posts/2024-04/1713524542-677305447.jpg
Война с террором,18-04-2024,/uploads/posts/2024-04/1713427341-1650712751.jpg
Отель «Динозавр» 2,18-04-2024,/uploads/posts/2024-04/2880507.jpg
Украденная долина,18-04-2024,/uploads/posts/2024-04/2655648.jpg
День независимости,16-04-2024,/uploads/posts/2024-04/1713251782-2122841002.jpg
Детектив Найт: Независимость,16-04-2024,/uploads/posts/2024-04/1713251303-1965980904.jpg
Загнанный зверь,14-04-2024,/uploads/posts/2024-04/1713126239-1291154508.jpg
Адажио,"Сегодня, 10:56",/uploads/posts/2024-04/1713945383-1404115171.jpg
Дети сентября,"Сегодня, 10:49",/uploads/posts/2024-04/9803653.jpg
Акулы в Париже,22-04-2024,/uploads/posts/2024-04/1713774436-326613403.jpg
Полные отморозки,19-04-2024,/uploads/posts/2024-04/1713525163-351901004.jpg
Детки-убийцы 2,19-04-2024,/uploads/posts/2024-04/1713524497-1156320386.jpg
Выжившая,19-04-2024,/uploads/posts/2024-04/1713524542-677305447.jpg
Война с террором,18-04-2024,/uploads/posts/2024-04/1713427341-1650712751.jpg
Отель «Динозавр» 2,18-04-2024,/uploads/posts/2024-04/2880507.jpg
Украденная долина,18-04-2024,/uploads/posts/2024-04/2655648.jpg
День независимости,16-04-2024,/uploads/posts/2024-04/1713251782-2122841002.jpg
Детектив Найт: Независимость,16-04-2024,/uploads/posts/2024-04/1713251303-1965980904.jpg
Загнанный зверь,14-04-2024,/uploads/posts/2024-04/1713126239-1291154508.jpg
